{
    "SI_version": 3.1,
    "Serial No.": "snowimager-01",
    "datetime": "2024-07-04 16:00:00",
    "bottom": {
        "xcenter": 1593.4799387864302,
        "ycenter": 1192.87945143083,
        "factors": [
            0.993159017658698,
            3.68459463689765e-06,
            6.733826728565493e-09,
            1.6849803661899142e-11,
            -1.1199339185522482e-14
        ],
        "rotation": 0.9000740293394187,
        "stretch": 1.0,
        "shift": 0
    },
    "top": {
        "xcenter": 1582.784986225508,
        "ycenter": 163.0310037065184,
        "factors": [
            0.9957299109832659,
            4.929248371274726e-05,
            -1.2490327456631324e-07,
            1.0520909973889425e-10,
            -2.697549892878917e-14
        ],
        "rotation": -0.2000008123170796,
        "stretch": 1.0,
        "shift": -41
    }
}
