{
    "SI_version": 3.1,
    "Serial No.": "snowimager-06",
    "datetime": "2025-01-21 14:24:20",
    "top": {
        "xcenter": 540.9682006835938,
        "ycenter": 361.2139892578125,
        "factors": [
            1.0011722843087651,
            -1.5170395212341818e-05,
            -6.789301905915567e-08,
            -1.704572777087756e-11,
            1.0162637434872872e-13
        ],
        "rotation": 0.6000219334163313,
        "stretch": 1.0,
        "shift": 0
    },
    "bottom": {
        "xcenter": 25.85654640197754,
        "ycenter": 350.2064514160156,
        "factors": [
            1.0273091311191958,
            -4.929403556900514e-05,
            -3.4376413369740256e-09,
            9.999901967685387e-14,
            9.486769009248164e-19
        ],
        "rotation": 1.0501175600394632,
        "stretch": 1.00311203319502074689,
        "shift": -6
    }
}
