{
    "SI_version": 3.1,
    "Serial No.": "snowimager-07",
    "datetime": "2024-07-04 16:00:00",
    "bottom": {
        "xcenter": 1975.8602094619162,
        "ycenter": 1658.4786311840967,
        "factors": [
            1.0045762837971886,
            -3.432296593246767e-07,
            -2.995913516224398e-09,
            -5.184593103684954e-12,
            2.0330556797798233e-15
        ],
        "rotation": 0.6000219334163313,
        "stretch": 1.0,
        "shift": 0
    },
    "top": {
        "xcenter": 1730.2360812140298,
        "ycenter": 1621.637943765381,
        "factors": [
            1.0041790464867577,
            8.287732373532803e-06,
            -2.2224092932597602e-08,
            9.563997397983183e-12,
            -1.2871699013724744e-15
        ],
        "rotation": 0.15000034269553603,
        "stretch": 1.0,
        "shift": -16
    }
}
